id_empleat;nom;ciutat;departament;nivell_estudis;edat;anys_experiencia;salari_brut_anual;vendes_mensuals;satisfaccio_laboral;hores_teletreball_setmana;data_contractacio;te_carnet_conduir
1;Roger Serra;Sabadell;Màrqueting;Grau;23;0,3;22689,83;5;9,2;0;2021-08-15;No
2;Laia Puig;Lleida;Màrqueting;Batxillerat;27;3,4;44776,71;5;6,8;0;2020-01-14;No
3;Carla Sala;Tarragona;Atenció al Client;Doctorat;22;0,3;24597,26;2;3,7;2;2016-02-01;No
4;Irene Prat;Sabadell;Vendes;Doctorat;60;16,1;54032,17;24;3,6;1;2024-04-20;No
5;Gerard Roca;Barcelona;Atenció al Client;Grau;26;3,9;54467,97;1;9,1;2;2018-02-12;No
6;Roger Sala;Tarragona;Tecnologia;Màster;45;5,0;35401,52;5;3,5;4;2016-12-01;Sí
7;Marta Riera;Sabadell;Atenció al Client;Grau;46;17,1;49342,67;0;4,6;0;2024-01-11;No
8;Xavier Font;Lleida;Finances;Màster;26;1,1;45362,7;5;6,2;1;2016-07-25;Sí
9;Sara Soler;Sabadell;Atenció al Client;Doctorat;56;26,9;33378,42;1;10,0;0;2020-09-18;No
10;Jordi Vila;Girona;Màrqueting;Grau;25;3,2;34197,76;0;5,7;3;2020-04-01;No
11;Cristina Sala;Girona;Atenció al Client;Màster;22;0,8;31246,32;2;6,0;2;2015-01-14;No
12;Sergi Vila;Reus;Vendes;Màster;33;10,1;37275,86;12;4,1;5;2016-10-23;Sí
13;Berta Prat;Barcelona;Vendes;Màster;53;26,4;48939,96;19;4,7;0;2024-11-05;Sí
14;Jordi Camps;Girona;Finances;Grau;53;3,9;41886,37;2;6,7;3;2019-09-30;Sí
15;Meritxell Soler;Sabadell;Recursos Humans;Màster;34;5,7;37632,73;0;4,7;0;2018-10-16;Sí
16;Gerard Soler;Vic;Màrqueting;Batxillerat;36;1,1;41719,71;1;3,5;0;2024-08-22;No
17;Jordi Soler;Sabadell;Atenció al Client;Doctorat;37;3,4;23763,23;4;7,0;0;2023-10-19;No
18;Carla Costa;Girona;Vendes;Doctorat;34;4,6;33799,68;3;7,7;4;2016-02-08;Sí
19;Xavier Camps;Girona;Màrqueting;Grau;43;4,2;35150,09;3;4,3;2;2017-10-20;Sí
20;Ferran Vila;Girona;Vendes;Batxillerat;57;29,1;52349,21;15;4,2;2;2020-05-25;Sí
21;Irene Costa;Tarragona;Recursos Humans;Batxillerat;25;3,9;28547,31;3;5,0;4;2023-03-12;No
22;Pau Roca;Lleida;Vendes;Batxillerat;40;14,2;21057,95;37;6,3;5;2020-12-15;Sí
23;Laia Soler;Tarragona;Vendes;Batxillerat;27;4,1;27467,34;7;9,6;3;2017-10-05;Sí
24;Berta Serra;Vic;Finances;Màster;48;25,2;31445,81;1;4,9;0;2022-07-14;No
25;Ferran Prat;Barcelona;Recursos Humans;Batxillerat;26;0,4;26673,56;2;3,9;1;2024-11-17;Sí
26;Bernat Roca;Sabadell;Màrqueting;Doctorat;45;20,0;44327,44;4;9,9;5;2022-05-02;Sí
27;Alba Sala;Sabadell;Atenció al Client;Batxillerat;57;28,2;23834,48;0;9,2;4;2021-03-16;Sí
28;Albert Font;Lleida;Atenció al Client;Màster;60;6,1;41832,57;2;6,5;1;2024-06-27;Sí
29;Jordi Bosch;Sabadell;Vendes;Batxillerat;49;9,3;23709,51;16;4,1;2;2021-03-09;No
30;Cristina Puig;Girona;Atenció al Client;Grau;29;4,4;49045,42;4;6,9;2;2016-06-06;Sí
31;Clara Prat;Terrassa;Màrqueting;Grau;24;2,0;31732,43;4;9,2;2;2021-12-17;Sí
32;Meritxell Mas;Tarragona;Màrqueting;Doctorat;37;0,4;45516,32;2;8,5;2;2023-12-30;Sí
33;Albert Vidal;Badalona;Vendes;Doctorat;28;1,6;48397,12;29;5,4;5;2023-12-02;Sí
34;Núria Puig;Badalona;Tecnologia;Màster;34;11,2;59502,24;5;6,6;4;2024-06-17;No
35;Marc Serra;Tarragona;Finances;Màster;38;0,7;45298,84;2;6,1;3;2016-04-18;No
36;Bernat Ferrer;Sabadell;Vendes;Doctorat;34;0,0;52320,71;34;7,8;4;2023-04-07;Sí
37;Judit Costa;Terrassa;Finances;Màster;26;3,3;28888,63;4;5,2;2;2018-08-29;No
38;Adrià Font;Tarragona;Màrqueting;Doctorat;57;19,9;32649,23;5;9,3;3;2021-05-20;No
39;Xavier Soler;Sabadell;Tecnologia;Grau;22;0,4;47095,29;3;6,1;4;2017-05-25;No
40;Carla Mas;Girona;Tecnologia;Màster;32;1,0;58437,97;2;4,6;0;2016-08-26;Sí
41;Laia Roca;Vic;Vendes;Doctorat;52;12,4;41671,55;12;8,0;2;2020-07-17;No
42;Núria Vidal;Girona;Recursos Humans;Grau;22;0,2;53486,78;4;6,3;3;2017-10-17;Sí
43;Ferran Vidal;Reus;Finances;Màster;51;28,5;59906,14;5;9,2;2;2024-04-25;No
44;Bernat Vidal;Manresa;Tecnologia;Grau;52;25,2;34940,27;3;7,4;1;2019-12-07;Sí
45;Núria Font;Terrassa;Finances;Batxillerat;43;3,0;32484,18;5;4,5;2;2019-07-28;No
46;Cristina Riera;Barcelona;Màrqueting;Doctorat;48;10,5;46712,65;5;3,1;5;2021-06-16;No
47;Montse Puig;Sabadell;Recursos Humans;Doctorat;44;12,4;45446,83;4;9,3;2;2017-06-17;No
48;Elena Riera;Badalona;Tecnologia;Doctorat;23;1,4;60780,11;4;6,7;2;2021-08-21;Sí
49;Elena Vidal;Tarragona;Vendes;Màster;51;11,4;26619,77;20;5,4;2;2018-02-13;No
50;Albert Sala;Manresa;Vendes;Batxillerat;27;6,0;31598,57;4;8,5;4;2015-06-14;Sí
51;Núria Roca;Vic;Màrqueting;Grau;23;0,3;43100,52;4;9,6;2;2022-11-05;No
52;Pol Prat;Vic;Finances;Batxillerat;32;8,6;27689,05;4;3,2;1;2021-06-16;No
53;David Serra;Lleida;Vendes;Màster;59;25,5;40614,82;7;8,6;3;2023-10-11;Sí
54;Judit Soler;Terrassa;Vendes;Màster;49;0,4;34122,11;31;3,7;1;2022-02-16;No
55;Adrià Vidal;Tarragona;Atenció al Client;Màster;49;17,2;52106,24;3;6,3;5;2023-03-14;No
56;Oriol Sala;Girona;Tecnologia;Doctorat;37;3,9;41877,35;3;5,4;2;2024-07-17;No
